duration_s,active,VDD_CORE_A current(0),VDD_SOC_A current(1),VDD_DDR_A current(2),VDD_5V volt(8),VDD_3V3 volt(9)
0.000000,0,0.305932,0.406116,0.233250,5.051581,3.306749
0.494220,1,0.305932,0.406116,0.233250,5.051581,3.306749
2.001767,1,0.310149,0.422527,0.204891,5.057912,3.300363
3.000117,1,0.327403,0.350883,0.203353,5.056165,3.304759
4.004747,1,0.344584,0.379176,0.218419,5.059374,3.309118
5.005918,1,0.341743,0.377441,0.225121,5.057569,3.308460
5.505343,0,0.341743,0.377441,0.225121,5.057569,3.308460
7.002611,0,0.276107,0.403988,0.196884,5.053988,3.307156
