duration_s,active,VDD_CORE_A current(0),VDD_SOC_A current(1),VDD_DDR_A current(2),VDD_5V volt(8),VDD_3V3 volt(9)
0.000000,0,0.322954,0.385591,0.214441,5.052826,3.309114
0.497186,1,0.322954,0.385591,0.214441,5.052826,3.309114
2.001030,1,0.347306,0.402150,0.236220,5.054238,3.302816
3.000315,1,0.254561,0.400515,0.193034,5.052492,3.307217
4.000739,1,0.261612,0.428622,0.191281,5.055623,3.301466
5.005299,1,0.278831,0.366941,0.206367,5.058855,3.305841
5.615050,0,0.278831,0.366941,0.206367,5.058855,3.305841
7.001297,0,0.303181,0.373491,0.228111,5.050264,3.304539
