duration_s,active,VDD_CORE_A current(0),VDD_SOC_A current(1),VDD_DDR_A current(2),VDD_5V volt(8),VDD_3V3 volt(9)
0.000000,0,0.297975,0.354324,0.224793,5.054597,3.302265
0.500793,1,0.297975,0.354324,0.224793,5.054597,3.302265
2.001899,1,0.302304,0.380823,0.196538,5.050996,3.305932
3.005632,1,0.329587,0.389206,0.195026,5.054266,3.300345
4.005665,1,0.336589,0.407298,0.209914,5.052369,3.304584
5.001690,1,0.343783,0.415571,0.216646,5.055586,3.308932
5.514622,0,0.343783,0.415571,0.216646,5.055586,3.308932
7.005738,0,0.268217,0.362184,0.180138,5.057046,3.307667
