duration_s,active,VDD_CORE_A current(0),VDD_SOC_A current(1),VDD_DDR_A current(2),VDD_5V volt(8),VDD_3V3 volt(9)
0.000000,0,0.294383,0.388312,0.215345,5.057115,3.307213
0.496116,1,0.301520,0.386525,0.221999,5.055296,3.301526
2.001059,1,0.318732,0.394810,0.195416,5.053525,3.300881
3.000210,1,0.325876,0.403091,0.202114,5.056710,3.305231
4.000230,1,0.332957,0.421219,0.208706,5.054860,3.309494
5.000212,1,0.330228,0.369598,0.215525,5.053123,3.303904
5.507524,0,0.357369,0.377816,0.230545,5.056308,3.303219
7.000934,0,0.264525,0.356104,0.195589,5.059502,3.302574
